"keys","ko","en"
"잠김","잠김","Locked"
"개발자 메뉴","개발자 메뉴","Developer Menu"
"코드","코드","Code"
"닫기","닫기","Close"
"열기","열기","Open"
"코드가 다릅니다","코드가 다릅니다","Wrong code"
"누른 즉시 반영되고 바로 저장됩니다.","누른 즉시 반영되고 바로 저장됩니다.","Applies and saves the moment you press it."
"재화","재화","Currency"
"고철 +999만","고철 +999만","Scrap +9,990,000"
"고철 %s","고철 %s","Scrap %s"
"캣닢 · 츄르 · 통조림 +9999","캣닢 · 츄르 · 통조림 +9999","Catnip · Churu · Canned Food +9999"
"캣닢/츄르/통조림 충전","캣닢/츄르/통조림 충전","Catnip / Churu / Canned Food topped up"
"부품 전 종류 +999","부품 전 종류 +999","All part types +999"
"탄약 · 구급약 보충","탄약 · 구급약 보충","Restock ammo · medkits"
"탄약 2000 · 구급약 +20","탄약 2000 · 구급약 +20","Ammo 2000 · Medkits +20"
"메타 해금","메타 해금","Meta Unlocks"
"모든 시설 해금","모든 시설 해금","Unlock all facilities"
"시설 전부 해금","시설 전부 해금","All facilities unlocked"
"쉘터 티어 최대 · 전 구역 개방","쉘터 티어 최대 · 전 구역 개방","Max shelter tier · open all zones"
"쉘터 티어 %d · 출정 가능 구역 %d곳","쉘터 티어 %d · 출정 가능 구역 %d곳","Shelter Tier %d · %d zones open for sortie"
"모든 무기 지급","모든 무기 지급","Grant all weapons"
"무기 %d종 지급","무기 %d종 지급","Granted %d weapons"
"주홍 즉시 해금 (정상: 4번째 출정부터)","주홍 즉시 해금 (정상: 4번째 출정부터)","Unlock Juhong now (normally: 4th sortie)"
"주홍 동행 해금","주홍 동행 해금","Juhong unlocked"
"주민 5명 영입","주민 5명 영입","Recruit 5 residents"
"주민 +%d명(정원 여유만큼)","주민 +%d명(정원 여유만큼)","Residents +%d (up to free capacity)"
"판 조작","판 조작","Run Controls"
"위험도 90%로","위험도 90%로","Threat to 90%"
"위험도 90% — 곧 처형자가 온다","위험도 90% — 곧 처형자가 온다","Threat 90% — the Executioner is coming"
"위험도 0%로","위험도 0%로","Threat to 0%"
"위험도 초기화","위험도 초기화","Threat reset"
"체력 회복","체력 회복","Restore health"
"체력 %d","체력 %d","Health %d"
"엘리트 소환(눈앞)","엘리트 소환(눈앞)","Spawn elite (in front)"
"필드에서만 됩니다","필드에서만 됩니다","Field only"
"적 디렉터를 찾지 못했습니다","적 디렉터를 찾지 못했습니다","Enemy director not found"
"레벨 +5 (선택권 지급)","레벨 +5 (선택권 지급)","Level +5 (grant picks)"
"레벨 %d · 선택권 %d","레벨 %d · 선택권 %d","Level %d · Picks %d"
"초기화","초기화","Reset"
"이번 판만 초기화(reset_run)","이번 판만 초기화(reset_run)","Reset this run only (reset_run)"
"판 상태 초기화 — 쉘터로 나갔다 오면 반영","판 상태 초기화 — 쉘터로 나갔다 오면 반영","Run state reset — applies after a shelter round trip"
"전체 삭제 후 오프닝부터 새로 시작","전체 삭제 후 오프닝부터 새로 시작","Wipe everything and restart from the opening"
"전체 초기화 — 오프닝부터 다시 시작","전체 초기화 — 오프닝부터 다시 시작","Full reset — restarting from the opening"
"클릭","클릭","Click"
"빨리 넘기기","빨리 넘기기","Skip"
"사망","사망","K.I.A."
"작전 실패","작전 실패","Operation Failed"
"치명상 원인 확인 중","치명상 원인 확인 중","Checking cause of death"
"처치","처치","Kills"
"생존 시간","생존 시간","Survived"
"가한 피해","가한 피해","Damage Dealt"
"손실 가치","손실 가치","Value Lost"
"현장에 남긴 휴대품","현장에 남긴 휴대품","Left On Site"
"0종","0종","0 kinds"
"장비(무기·방어구·부착물)는 전부 남고 가방의 재료·탄약·귀중품만 잃습니다. 다음 탐사에서 사망 지점의 가방을 한 번 회수할 수 있습니다.","장비(무기·방어구·부착물)는 전부 남고 가방의 재료·탄약·귀중품만 잃습니다. 다음 탐사에서 사망 지점의 가방을 한 번 회수할 수 있습니다.","Gear (weapons, armor, attachments) all stays with you; only bag materials, ammo and valuables are lost. Next sortie you can recover the bag at the death site once."
"쉘터로","쉘터로","To Shelter"
"SPACE 또는 화면 터치  ·  쉘터로 복귀","SPACE 또는 화면 터치  ·  쉘터로 복귀","SPACE or tap screen  ·  Return to shelter"
"탄약","탄약","Ammo"
"부품","부품","Parts"
"부착물","부착물","Attachments"
"구급약","구급약","Medkit"
"통조림","통조림","Canned Food"
"츄르","츄르","Churu"
"봉인된 지하철 화물","봉인된 지하철 화물","Sealed Subway Cargo"
"분실한 휴대품이 없습니다.","분실한 휴대품이 없습니다.","Nothing was left behind."
"없음","없음","None"
"%d종","%d종","%d kinds"
"휴대품","휴대품","Carried item"
"치명상 · %s  /  %s","치명상 · %s  /  %s","Fatal wound · %s  /  %s"
"  ·  방어구가 마지막 공격에서 %d 방어","  ·  방어구가 마지막 공격에서 %d 방어","  ·  Armor blocked %d on the last hit"
"가방의 재료·탄약·귀중품은 현장에, 장비(무기·방어구·부착물)는 전부 손에 남았습니다. 다음 탐사에서 사망 지점의 가방을 한 번 회수할 수 있습니다.","가방의 재료·탄약·귀중품은 현장에, 장비(무기·방어구·부착물)는 전부 손에 남았습니다. 다음 탐사에서 사망 지점의 가방을 한 번 회수할 수 있습니다.","Bag materials, ammo and valuables stayed on site; all gear (weapons, armor, attachments) is still in hand. Next sortie you can recover the bag at the death site once."
"기록","기록","Records"
"기록 닫기","기록 닫기","Close records"
"확인한 기록","확인한 기록","Read"
"이름 없는 기록","이름 없는 기록","Untitled record"
"출처 불명","출처 불명","Source unknown"
"기록이 심하게 망가져서 읽을 수 없다.","기록이 심하게 망가져서 읽을 수 없다.","The record is too damaged to read."
"발견한 세계 기록  %d / %d","발견한 세계 기록  %d / %d","World records found  %d / %d"
"전술지도","전술지도","Map"
"일시 정지","일시 정지","Paused"
"계속하기","계속하기","Resume"
"7.62mm 탄약 획득","7.62mm 탄약 획득","Take 7.62mm ammo"
"7.62mm 탄약 획득  [F]","7.62mm 탄약 획득  [F]","Take 7.62mm ammo  [F]"
"상호작용","상호작용","Interact"
"1.0초","1.0초","1.0s"
"위험도","위험도","Threat"
"발사","발사","Fire"
"AK-47 발사","AK-47 발사","Fire AK-47"
"근접","근접","Melee"
"야구 방망이 휘두르기","야구 방망이 휘두르기","Swing the bat"
"회피","회피","Dodge"
"구르기 회피","구르기 회피","Roll dodge"
"돌발 사건 · 약탈대 충돌","돌발 사건 · 약탈대 충돌","Incident · Raider Clash"
"적이 증원을 요청 중입니다!","적이 증원을 요청 중입니다!","The enemy is calling for reinforcements!"
"!! 표식의 적을 처치해 저지하라","!! 표식의 적을 처치해 저지하라","Kill the !! marked enemy to stop it"
"%0.1f초 · !! 표식의 적을 처치해 저지하라","%0.1f초 · !! 표식의 적을 처치해 저지하라","%0.1fs · Kill the !! marked enemy to stop it"
"정산","정산","Payout"
"탈출 성공","탈출 성공","Extraction Successful"
"이번 판으로 성장한 것","이번 판으로 성장한 것","What this run grew"
"탭하면 쉘터로 복귀","탭하면 쉘터로 복귀","Tap to return to the shelter"
"쉘터로 돌아가기","쉘터로 돌아가기","Return to Shelter"
"위에서 성장을 %d개 더 골라야 나갈 수 있습니다.","위에서 성장을 %d개 더 골라야 나갈 수 있습니다.","Pick %d more upgrades above before you can leave."
"성장 선택 후 복귀","성장 선택 후 복귀","Pick Upgrades First"
"화면을 탭하거나 오른쪽 버튼으로 쉘터에 돌아갑니다.","화면을 탭하거나 오른쪽 버튼으로 쉘터에 돌아갑니다.","Tap the screen or use the right button to return to the shelter."
"먼저 성장을 고르세요 · 남은 선택 %d개","먼저 성장을 고르세요 · 남은 선택 %d개","Pick your upgrades first · %d left"
"정찰","정찰","Recon"
"엄폐","엄폐","Cover"
"내밈","내밈","Leaning"
"주홍","주홍","Juhong"
"대기","대기","Idle"
"지도","지도","Map"
"장전","장전","Reload"
"가방","가방","Bag"
"구르기","구르기","Roll"
"투척·배치 (짧게 또 = 품목)","투척·배치 (짧게 또 = 품목)","Throw / Deploy (tap again = item)"
"우클릭","우클릭","R-Click"
"정조준","정조준","Aim"
"쉘터 운영","쉘터 운영","Shelter Ops"
"캣닢 피버","캣닢 피버","Catnip Fever"
"캣닢 붓기","캣닢 붓기","Pour Catnip"
"대기 %d","대기 %d","Idle %d"
"피버 %.0fx","피버 %.0fx","Fever %.0fx"
"%.0f초","%.0f초","%.0fs"
"진행 중","진행 중","Running"
"캣닢 피버 진행 중 — 모든 생산이 폭주합니다.","캣닢 피버 진행 중 — 모든 생산이 폭주합니다.","Catnip Fever running — every rig is going wild."
"캣닢 %s 붓기","캣닢 %s 붓기","Pour %s Catnip"
"캣닢 %s를 부어 게이지 %d%% 충전 · 만충 시 %.0f배 생산 %.0f초","캣닢 %s를 부어 게이지 %d%% 충전 · 만충 시 %.0f배 생산 %.0f초","Pour %s Catnip to charge the gauge %d%% · at full, %.0fx output for %.0fs"
"잠김 · %s 후 이용할 수 있습니다.","잠김 · %s 후 이용할 수 있습니다.","Locked · available after %s."
"가능 %d","가능 %d","%d ready"
"만재","만재","Full"
"가방 열기  [E]","가방 열기  [E]","Open bag  [E]"
"들고 있는 것","들고 있는 것","What You Carry"
"아이템을 누르면 아래에서 살펴보고 장착한다.","아이템을 누르면 아래에서 살펴보고 장착한다.","Tap an item to inspect and equip it below."
"가방 닫기 [Esc]","가방 닫기 [Esc]","Close bag [Esc]"
"장비","장비","Gear"
"보관 중","보관 중","Stowed"
"가방에 보관 중인 아이템이 없습니다.","가방에 보관 중인 아이템이 없습니다.","Nothing stowed in the bag."
"가방 슬롯에는 아이콘과 수량만 표시됩니다.","가방 슬롯에는 아이콘과 수량만 표시됩니다.","Bag slots show only an icon and a count."
"버리기","버리기","Drop"
"주무기","주무기","Primary"
"총기 상세","총기 상세","Weapon Detail"
"장착 해제","장착 해제","Unequip"
"현재 무기를 가방으로 내립니다.","현재 무기를 가방으로 내립니다.","Puts the current weapon back in the bag."
"총기 상세 접기","총기 상세 접기","Collapse weapon detail"
"부착 슬롯","부착 슬롯","Attachment Slots"
"완성 부착물만 가방에서 장착할 수 있습니다. 제작 재료는 쉘터 작업대에서 완성품 제작에 사용합니다.","완성 부착물만 가방에서 장착할 수 있습니다. 제작 재료는 쉘터 작업대에서 완성품 제작에 사용합니다.","Only finished attachments can be equipped from the bag. Crafting materials are used at the shelter workbench to build them."
"변경된 부품과 방어 수치는 즉시 전투 능력에 반영됩니다.","변경된 부품과 방어 수치는 즉시 전투 능력에 반영됩니다.","Part and armor changes take effect in combat immediately."
"%s만 보기","%s만 보기","Show %s only"
"전체","전체","All"
"몸 방어구","몸 방어구","Body Armor"
"머리 방어구","머리 방어구","Helmet"
"신발","신발","Footwear"
"9mm FMJ 탄환","9mm FMJ 탄환","9mm FMJ"
".45 ACP FMJ 탄환",".45 ACP FMJ 탄환",".45 ACP FMJ"
"7.62mm FMJ 탄환","7.62mm FMJ 탄환","7.62mm FMJ"
"12게이지 벅샷","12게이지 벅샷","12 Gauge Buckshot"
"총기에 장전하는 소모 탄약입니다. 무기 구경과 맞아야 사용할 수 있습니다.","총기에 장전하는 소모 탄약입니다. 무기 구경과 맞아야 사용할 수 있습니다.","Consumable ammo. It has to match the weapon's caliber."
"먹는 물건이 아닙니다. T로 던져 적을 유인하고, 귀환하면 쉘터 훈련 재고로 들어가 훈련 비용이 됩니다.","먹는 물건이 아닙니다. T로 던져 적을 유인하고, 귀환하면 쉘터 훈련 재고로 들어가 훈련 비용이 됩니다.","Not for eating. Throw with T to bait enemies; what you bring home becomes the shelter's training stock."
"전투 중 체력을 회복하는 응급 치료품입니다. SHIFT 또는 모바일 치료 버튼으로 사용합니다.","전투 중 체력을 회복하는 응급 치료품입니다. SHIFT 또는 모바일 치료 버튼으로 사용합니다.","Emergency care that restores health in combat. Use SHIFT or the mobile heal button."
"희귀 구역과 보스에게서 확보하는 쉘터 확장 재화입니다.","희귀 구역과 보스에게서 확보하는 쉘터 확장 재화입니다.","Shelter expansion currency taken from rare zones and bosses."
"사용 탄약 · %s
선택 후 장착하면 현재 주무기와 교체됩니다.","사용 탄약 · %s
선택 후 장착하면 현재 주무기와 교체됩니다.","Ammo · %s
Equipping this swaps out your current primary."
"소모성 중장비입니다.","소모성 중장비입니다.","Single-use heavy equipment."
"귀중품 · 개당 가치 %d — 쉘터 창고에서 고철로 판다.","귀중품 · 개당 가치 %d — 쉘터 창고에서 고철로 판다.","Valuable · %d each — sell for scrap at the shelter storage."
"인간 격리구역에서 회수한 대형 화물입니다. 탈출해야 내용물을 확인할 수 있습니다.","인간 격리구역에서 회수한 대형 화물입니다. 탈출해야 내용물을 확인할 수 있습니다.","Bulk cargo pulled from the human quarantine zone. You have to extract to see what is inside."
"쉘터 고철 %d","쉘터 고철 %d","Shelter scrap %d"
"현재 장착 중인 총기입니다. 오른쪽에서 부착 상태를 확인할 수 있습니다.","현재 장착 중인 총기입니다. 오른쪽에서 부착 상태를 확인할 수 있습니다.","Your equipped weapon. Check its attachments on the right."
"%s 선택","%s 선택","%s selected"
"현재 장착된 장비가 없습니다. 가방의 아이템을 선택해 장착할 수 있습니다.","현재 장착된 장비가 없습니다. 가방의 아이템을 선택해 장착할 수 있습니다.","Nothing equipped here. Pick an item from the bag to equip it."
"%s 슬롯은 비어 있습니다.","%s 슬롯은 비어 있습니다.","The %s slot is empty."
"사용 탄약 · %s
현재 탄창 %02d / %02d
예비 %03d발  ·  완전 탄창 %d개 + 낱탄 %d발
내구도 %.1f%%  ·  탄퍼짐 %.1f°
피해 %d  ·  반동 %.2f  ·  장전 %.1fs","사용 탄약 · %s
현재 탄창 %02d / %02d
예비 %03d발  ·  완전 탄창 %d개 + 낱탄 %d발
내구도 %.1f%%  ·  탄퍼짐 %.1f°
피해 %d  ·  반동 %.2f  ·  장전 %.1fs","Ammo · %s
Magazine %02d / %02d
Reserve %03d  ·  %d full mags + %d loose
Durability %.1f%%  ·  Spread %.1f°
Damage %d  ·  Recoil %.2f  ·  Reload %.1fs"
"아이템","아이템","Item"
"고른 것 없음","고른 것 없음","Nothing selected"
"아이템을 누르면 여기서 살펴보고 장착합니다.","아이템을 누르면 여기서 살펴보고 장착합니다.","Tap an item to inspect and equip it here."
"현재 장착 중인 주무기입니다. 해제하면 가방으로 돌아갑니다.","현재 장착 중인 주무기입니다. 해제하면 가방으로 돌아갑니다.","Your equipped primary. Unequip and it goes back in the bag."
"해제","해제","Unequip"
"  ·  장착하면 현재 주무기와 교체됩니다.","  ·  장착하면 현재 주무기와 교체됩니다.","  ·  Equipping this swaps out your current primary."
"장착","장착","Equip"
"%s  ·  %s 슬롯  ·  완성 부착물 %d개 보유","%s  ·  %s 슬롯  ·  완성 부착물 %d개 보유","%s  ·  %s slot  ·  %d finished attachments held"
"교체","교체","Swap"
"수량이 부족합니다.","수량이 부족합니다.","Not enough."
"제작 재료 · %s","제작 재료 · %s","Material · %s"
"%s

제작 재료 · 총기에 직접 장착할 수 없습니다.
","%s

제작 재료 · 총기에 직접 장착할 수 없습니다.
","%s

Crafting material · cannot be fitted to a weapon directly.
"
"쉘터 작업대에서 완성 부착물을 제작할 때 사용합니다.
","쉘터 작업대에서 완성 부착물을 제작할 때 사용합니다.
","Used at the shelter workbench to build finished attachments.
"
"보유 수량 %d개","보유 수량 %d개","Held %d"
"%s
보유 수량 %d발","%s
보유 수량 %d발","%s
Held %d rounds"
"총기용 탄약입니다.","총기용 탄약입니다.","Weapon ammo."
"%s
보유 수량 %d개","%s
보유 수량 %d개","%s
Held %d"
"레이드에서 사용하는 자원입니다.","레이드에서 사용하는 자원입니다.","A resource used on raids."
"희귀 재화입니다.","희귀 재화입니다.","Rare currency."
"%s
특수 화물 · 탈출 시 정산","%s
특수 화물 · 탈출 시 정산","%s
Special cargo · paid out on extraction"
"봉인된 대형 화물입니다.","봉인된 대형 화물입니다.","Sealed bulk cargo."
"진행에 필요한 중요 아이템입니다.","진행에 필요한 중요 아이템입니다.","A key item needed to progress."
"%s

필드에서 T(투척 버튼)로 선택해 사용합니다. 소모품 — 사망 시 시체로 갑니다.
보유 수량 %d개","%s

필드에서 T(투척 버튼)로 선택해 사용합니다. 소모품 — 사망 시 시체로 갑니다.
보유 수량 %d개","%s

Select with T (throw button) in the field. Consumable — lost with your body if you die.
Held %d"
"생존 장비입니다.","생존 장비입니다.","Survival gear."
"중요 임무 물품은 버릴 수 없습니다.","중요 임무 물품은 버릴 수 없습니다.","Key mission items cannot be dropped."
"장착을 해제한 뒤 버릴 수 있습니다.","장착을 해제한 뒤 버릴 수 있습니다.","Unequip it first to drop it."
"버릴 수 없는 아이템입니다.","버릴 수 없는 아이템입니다.","This item cannot be dropped."
"한 번 더: x%d 버리기","한 번 더: x%d 버리기","Again: drop x%d"
"%s 장착","%s 장착","%s equipped"
"%s 해제","%s 해제","%s unequipped"
"해제할 장비가 없습니다.","해제할 장비가 없습니다.","Nothing to unequip."
"받는 피해 -%d%%","받는 피해 -%d%%","Damage taken -%d%%"
"이동 속도 %s%d%%","이동 속도 %s%d%%","Move speed %s%d%%"
"대시 스태미나 %s%d%%","대시 스태미나 %s%d%%","Dash stamina %s%d%%"
"피탐지 %s%d%%","피탐지 %s%d%%","Visibility %s%d%%"
"냄새 흔적 %s%d%%","냄새 흔적 %s%d%%","Scent trail %s%d%%"
"피해 %+d","피해 %+d","Damage %+d"
"연사 %+.1f/s","연사 %+.1f/s","Fire rate %+.1f/s"
"장탄 %+d","장탄 %+d","Mag %+d"
"장전 %+.1fs","장전 %+.1fs","Reload %+.1fs"
"현재 %s 대비  %s","현재 %s 대비  %s","vs current %s  %s"
"현재 장착 중","현재 장착 중","Currently equipped"
"현재 비어 있는 %s 슬롯에 장착 가능","현재 비어 있는 %s 슬롯에 장착 가능","Fits your empty %s slot"
"피해 감소 %s%d%%p","피해 감소 %s%d%%p","Damage reduction %s%d%%p"
"이동 속도 %s%d%%p","이동 속도 %s%d%%p","Move speed %s%d%%p"
"스태미나 효율 %s%d%%p","스태미나 효율 %s%d%%p","Stamina efficiency %s%d%%p"
"현재 %s와 동일한 기본 성능","현재 %s와 동일한 기본 성능","Same base stats as your current %s"
"주무기를 가방에 보관했습니다.","주무기를 가방에 보관했습니다.","Primary stowed in the bag."
"해제할 무기가 없습니다.","해제할 무기가 없습니다.","No weapon to unequip."
"%s
비어 있음","%s
비어 있음","%s
Empty"
"%s
%s
클릭: 해제","%s
%s
클릭: 해제","%s
%s
Click: remove"
"완성 부착물이 없습니다. 제작 재료는 쉘터 작업대에서 먼저 제작해야 합니다.","완성 부착물이 없습니다. 제작 재료는 쉘터 작업대에서 먼저 제작해야 합니다.","No finished attachment. Build one from materials at the shelter workbench first."
"설치 가능","설치 가능","Can fit"
"모듈 정보가 없습니다.","모듈 정보가 없습니다.","No module data."
"먼저 주무기를 장착하세요.","먼저 주무기를 장착하세요.","Equip a primary first."
"알 수 없는 모듈입니다.","알 수 없는 모듈입니다.","Unknown module."
"작업대 레벨 5가 필요합니다.","작업대 레벨 5가 필요합니다.","Workbench Lv.5 required."
"슬롯 충돌 또는 장착 불가 부품입니다.","슬롯 충돌 또는 장착 불가 부품입니다.","Slot conflict, or the part cannot be fitted."
"장착 실패: %s","장착 실패: %s","Fit failed: %s"
" (보유하지 않음)"," (보유하지 않음)"," (not held)"
" · 제작 재료 (직접 장착 불가)"," · 제작 재료 (직접 장착 불가)"," · crafting material (cannot be fitted)"
"장착 불가","장착 불가","Cannot fit"
"재료","재료","Material"
"조준경","조준경","Optic"
"소염기","소염기","Muzzle"
"개머리판","개머리판","Stock"
"탄창","탄창","Magazine"
"전술","전술","Tactical"
"특수 모듈","특수 모듈","Special Module"
"폐점포 2x 스코프","폐점포 2x 스코프","Shopfront 2x Scope"
"소리 방지용 양말","소리 방지용 양말","Muffling Sock"
"스펀지 턱받이","스펀지 턱받이","Sponge Bib"
"테이프 듀얼 탄창","테이프 듀얼 탄창","Taped Dual Mag"
"딸랑이 방울","딸랑이 방울","Jingle Bell"
"AK 정밀 수신부","AK 정밀 수신부","AK Precision Receiver"
"소음기용 고무 패킹","소음기용 고무 패킹","Rubber Gasket"
"스코프 렌즈","스코프 렌즈","Scope Lens"
"탄창 스프링","탄창 스프링","Magazine Spring"
"소음기와 완충 개머리판의 제작 재료로 쓰는 탄성 부품입니다.","소음기와 완충 개머리판의 제작 재료로 쓰는 탄성 부품입니다.","An elastic part used to build suppressors and cushioned stocks."
"배율 조준경과 정밀 모듈의 제작 재료로 쓰는 광학 부품입니다.","배율 조준경과 정밀 모듈의 제작 재료로 쓰는 광학 부품입니다.","An optical part used to build magnified scopes and precision modules."
"고속 탄창과 전술 부품의 제작 재료로 쓰는 기계 부품입니다.","고속 탄창과 전술 부품의 제작 재료로 쓰는 기계 부품입니다.","A mechanical part used to build fast magazines and tactical gear."
"+31 이후 강화와 돌파에 드는 희귀 부품입니다. 엘리트·봉인 보급함에서 나옵니다.","+31 이후 강화와 돌파에 드는 희귀 부품입니다. 엘리트·봉인 보급함에서 나옵니다.","A rare part spent on enhancement and breakthrough past +31. Drops from elites and sealed caches."
"+61 이후 강화와 +50 이상 돌파에 드는 희귀 부품입니다. 보스·봉쇄선 금고에서 나옵니다.","+61 이후 강화와 +50 이상 돌파에 드는 희귀 부품입니다. 보스·봉쇄선 금고에서 나옵니다.","A rare part spent on enhancement past +61 and breakthroughs above +50. Drops from bosses and cordon vaults."
"총기 부착물 제작에 쓰는 핵심 제작 재료입니다.","총기 부착물 제작에 쓰는 핵심 제작 재료입니다.","A core material for building weapon attachments."
"소총 제작 청사진","소총 제작 청사진","Rifle Blueprint"
"산탄총 제작 청사진","산탄총 제작 청사진","Shotgun Blueprint"
"AKM 개조 청사진","AKM 개조 청사진","AKM Conversion Blueprint"
"펌프 산탄총 청사진","펌프 산탄총 청사진","Pump Shotgun Blueprint"
"봉인구역 키카드","봉인구역 키카드","Sealed Zone Keycard"
"남대문 창고 설계도","남대문 창고 설계도","Namdaemun Depot Plans"
"을지로 배전 도면","을지로 배전 도면","Euljiro Grid Schematic"
"용산 통제 키","용산 통제 키","Yongsan Control Key"
"작업대 제작 해금 조각 — 3조각이 모이면 만들 수 있습니다(%s).","작업대 제작 해금 조각 — 3조각이 모이면 만들 수 있습니다(%s).","A shard that unlocks a workbench recipe — 3 shards and you can build it (%s)."
"장인의 인장 — +10·+20·… 강화 돌파 1회에 1개. 보스·메인 미션 3단계에서 나옵니다.","장인의 인장 — +10·+20·… 강화 돌파 1회에 1개. 보스·메인 미션 3단계에서 나옵니다.","Artisan's Seal — one per breakthrough at +10, +20 and so on. Drops from bosses and main mission stage 3."
"AK 계열 소총(AKM 개조형) 제작법을 해금하는 희귀 청사진입니다.","AK 계열 소총(AKM 개조형) 제작법을 해금하는 희귀 청사진입니다.","A rare blueprint that unlocks the AK-family rifle (AKM conversion) recipe."
"고화력 산탄총 제작법을 해금하는 희귀 청사진입니다.","고화력 산탄총 제작법을 해금하는 희귀 청사진입니다.","A rare blueprint that unlocks the high-power shotgun recipe."
"작업대에서 AKM 개조형을 만들 수 있습니다. 첫 제작 시 AK-47 강화의 60%를 이어받습니다.","작업대에서 AKM 개조형을 만들 수 있습니다. 첫 제작 시 AK-47 강화의 60%를 이어받습니다.","Lets you build the AKM Conversion at the workbench. The first build carries over 60% of your AK-47 enhancement."
"작업대에서 펌프 산탄총을 만들 수 있습니다. 첫 제작 시 참치 헌터 강화의 60%를 이어받습니다.","작업대에서 펌프 산탄총을 만들 수 있습니다. 첫 제작 시 참치 헌터 강화의 60%를 이어받습니다.","Lets you build the Pump Shotgun at the workbench. The first build carries over 60% of your Tuna Hunter enhancement."
"Stage 4 봉인구역 진입에 필요한 보안 키카드입니다.","Stage 4 봉인구역 진입에 필요한 보안 키카드입니다.","The security keycard needed to enter the Stage 4 sealed zone."
"쉘터 Tier 3 확장에 필요한 설계도입니다.","쉘터 Tier 3 확장에 필요한 설계도입니다.","The plans needed for Shelter Tier 3."
"쉘터 Tier 4 확장에 필요한 배전 도면입니다.","쉘터 Tier 4 확장에 필요한 배전 도면입니다.","The grid schematic needed for Shelter Tier 4."
"쉘터 Tier 5 확장에 필요한 통제 키입니다.","쉘터 Tier 5 확장에 필요한 통제 키입니다.","The control key needed for Shelter Tier 5."
"상위 스테이지 진행에 사용하는 희귀 물품입니다.","상위 스테이지 진행에 사용하는 희귀 물품입니다.","A rare item used to progress into later stages."
"조준 시 시야와 중거리 집탄율을 개선합니다.","조준 시 시야와 중거리 집탄율을 개선합니다.","Improves sight picture and mid-range grouping while aiming."
"총성을 줄이는 임시 소음기입니다.","총성을 줄이는 임시 소음기입니다.","A field-made suppressor that cuts the report."
"반동 회복과 거치 안정성을 높입니다.","반동 회복과 거치 안정성을 높입니다.","Improves recoil recovery and braced stability."
"재장전 시간을 줄이는 테이프 결합 탄창입니다.","재장전 시간을 줄이는 테이프 결합 탄창입니다.","Taped-together magazines that cut reload time."
"총기 하단에 다는 전술용 방울입니다.","총기 하단에 다는 전술용 방울입니다.","A tactical bell slung under the weapon."
"AK 단발 명중률을 크게 높이는 특수 모듈입니다.","AK 단발 명중률을 크게 높이는 특수 모듈입니다.","A special module that sharply improves AK single-shot accuracy."
"총기 성능을 변경하는 부착물입니다.","총기 성능을 변경하는 부착물입니다.","An attachment that changes weapon performance."
"지도 닫기","지도 닫기","Close map"
"전술 지도","전술 지도","Tactical Map"
"현장","현장","Field"
"가 본 곳만 지도에 남는다 · 탭하면 표식, 다시 탭하면 삭제 · 보는 동안 전투는 멈춘다","가 본 곳만 지도에 남는다 · 탭하면 표식, 다시 탭하면 삭제 · 보는 동안 전투는 멈춘다","Only what you have walked stays on the map · tap to mark, tap again to erase · combat pauses while you look"
"가 본 곳만 지도에 남는다 · 클릭하면 표식, 우클릭하면 삭제 · 보는 동안 전투는 멈춘다","가 본 곳만 지도에 남는다 · 클릭하면 표식, 우클릭하면 삭제 · 보는 동안 전투는 멈춘다","Only what you have walked stays on the map · click to mark, right-click to erase · combat pauses while you look"
"고가치 지점","고가치 지점","High-value spot"
"분실 장비","분실 장비","Lost gear"
"개인 표식","개인 표식","Your mark"
"위험 개체","위험 개체","Dangerous target"
"내 위치  %s","내 위치  %s","You are here  %s"
"목표","목표","Objective"
"탈출구","탈출구","Exit"
"위험","위험","Danger"
"표식","표식","Mark"
"탈출구 미발견 · 직접 찾아야 합니다","탈출구 미발견 · 직접 찾아야 합니다","No exit found · you have to find one"
"회수 가치 %s","회수 가치 %s","Bag value %s"
"발견 탈출구 %.0fm","발견 탈출구 %.0fm","Nearest exit %.0fm"
"표시 및 조작 설정","표시 및 조작 설정","Display and Controls"
"자동 저장 · F10으로 열기","자동 저장 · F10으로 열기","Auto-saved · open with F10"
"설정 닫기","설정 닫기","Close settings"
"언어","언어","Language"
"표시","표시","Display"
"소리","소리","Sound"
"안내","안내","Guidance"
"안내를 처음부터 다시 보여줍니다.","안내를 처음부터 다시 보여줍니다.","Guidance will start over from the beginning."
"데이터","데이터","Data"
"색상만으로 상태를 구분하지 않으며 아이콘과 문자를 함께 표시합니다.","색상만으로 상태를 구분하지 않으며 아이콘과 문자를 함께 표시합니다.","State is never shown by color alone — icons and text come with it."
"취소","취소","Cancel"
"초기화했습니다. 오프닝부터 다시 시작합니다.","초기화했습니다. 오프닝부터 다시 시작합니다.","Reset. Starting over from the opening."
"모든 시설을 해금했습니다.","모든 시설을 해금했습니다.","All facilities unlocked."
"화면 언어","화면 언어","Interface language"
"바꾸면 이 설정 화면은 바로, 다른 화면은 다시 열 때 반영됩니다.","바꾸면 이 설정 화면은 바로, 다른 화면은 다시 열 때 반영됩니다.","This screen changes at once; other screens change the next time you open them."
"생존자 등록","생존자 등록","Survivor Registration"
"어떤 이름으로
불러 드릴까요?","어떤 이름으로
불러 드릴까요?","What should we
call you?"
"쉘터 사람들이 이 이름으로 부릅니다.
나중에 바꿀 수 없어요.","쉘터 사람들이 이 이름으로 부릅니다.
나중에 바꿀 수 없어요.","The shelter will call you this.
You cannot change it later."
"먼지","먼지","Dust"
"한글, 영문, 숫자 1~8자","한글, 영문, 숫자 1~8자","Letters and numbers, 1-8 characters"
"이 이름으로 시작하기","이 이름으로 시작하기","Start with this name"
"한글, 영문, 숫자만 쓸 수 있어요","한글, 영문, 숫자만 쓸 수 있어요","Letters and numbers only"
"%s. 좋은 이름이에요.","%s. 좋은 이름이에요.","%s. Good name."
"다리 끝의 문이 열립니다.","다리 끝의 문이 열립니다.","The door at the end of the bridge opens."
"작업대 · 장비 +99 강화 · 제작","작업대 · 장비 +99 강화 · 제작","Workbench · gear +99 enhancement · crafting"
"작업대 강화 보드를 열었습니다.","작업대 강화 보드를 열었습니다.","Opened the workbench enhancement board."
"제작과 강화 · 작업대 Lv.%d","제작과 강화 · 작업대 Lv.%d","Craft and Enhance · Workbench Lv.%d"
"작업대","작업대","Workbench"
"제작 %d","제작 %d","Craft %d"
"제작","제작","Craft"
"보유 장비 · 평생 귀속","보유 장비 · 평생 귀속","Owned Gear · Bound For Life"
"강화 +1","강화 +1","Enhance +1"
"가능한 만큼","가능한 만큼","As Far As It Goes"
"몸","몸","Body"
"머리","머리","Head"
"발","발","Feet"
"조각 %d/%d","조각 %d/%d","Shards %d/%d"
"%s 영구 강화","%s 영구 강화","%s permanent enhancement"
"보유한 장비가 없습니다 — 제작 탭에서 첫 장비를 만드세요.","보유한 장비가 없습니다 — 제작 탭에서 첫 장비를 만드세요.","No gear yet — build your first piece on the Craft tab."
"평생 귀속","평생 귀속","Bound for life"
"부품 튜닝","부품 튜닝","Part Tuning"
"먹인 만큼 이 무기가 영구히 좋아진다","먹인 만큼 이 무기가 영구히 좋아진다","Every part you feed it makes this weapon permanently better"
"+%.1f%% · 먹임 %d · 보유 %d","+%.1f%% · 먹임 %d · 보유 %d","+%.1f%% · fed %d · held %d"
"다음 보너스 · %s","다음 보너스 · %s","Next bonus · %s"
"돌파 보너스 전부 획득","돌파 보너스 전부 획득","All breakthrough bonuses taken"
"+%d 돌파: %s","+%d 돌파: %s","+%d breakthrough: %s"
"돌파 대기 · +%d 도달","돌파 대기 · +%d 도달","Breakthrough due · reached +%d"
"다음 +%d","다음 +%d","Next +%d"
"돌파 +%d","돌파 +%d","Breakthrough +%d"
"피해","피해","Damage"
"연사","연사","Fire rate"
"장탄","장탄","Mag"
"피해 감소","피해 감소","Damage reduction"
"이동","이동","Move"
"효과","효과","Effect"
"무게","무게","Weight"
"가시성","가시성","Visibility"
"냄새","냄새","Scent"
"슬롯","슬롯","Slot"
"돌파 · 고철","돌파 · 고철","Breakthrough · Scrap"
"최고 단계","최고 단계","Max tier"
"고철","고철","Scrap"
"설계도","설계도","Blueprint"
"미제작","미제작","Not built"
"잔해","잔해","Wreckage"
"조각은 %s에서 나옵니다.%s","조각은 %s에서 나옵니다.%s","Shards drop from %s.%s"
"쉘터 Tier %d 필요","쉘터 Tier %d 필요","Shelter Tier %d required"
"작업대 Lv.%d 필요 (제작 탭 하단 '보급품'에서 확장)","작업대 Lv.%d 필요 (제작 탭 하단 '보급품'에서 확장)","Workbench Lv.%d required (expand under Supplies at the bottom of the Craft tab)"
" 만들면 %s +%d의 %d%%를 이어받아 +%d로 시작합니다."," 만들면 %s +%d의 %d%%를 이어받아 +%d로 시작합니다."," Build it and it carries over %s +%d at %d%%, starting at +%d."
"제작 · 조각 %d개 더","제작 · 조각 %d개 더","Craft · %d more shards"
"돌파 · x%s","돌파 · x%s","Breakthrough · x%s"
"돌파 · 고철 %s 소모","돌파 · 고철 %s 소모","Breakthrough · costs %s scrap"
"강화 +1  [SPACE]
길게 누르면 연타","강화 +1  [SPACE]
길게 누르면 연타","Enhance +1  [SPACE]
Hold to repeat"
"최고 단계 +%d","최고 단계 +%d","Max tier +%d"
"%s +%d 달성! 다음은 돌파 — 고철 %s","%s +%d 달성! 다음은 돌파 — 고철 %s","%s hit +%d. Breakthrough next — %s scrap"
"돌파 관문에서 멈춤","돌파 관문에서 멈춤","stopped at the breakthrough gate"
"%s +%d 강화 → +%d (%s)","%s +%d 강화 → +%d (%s)","%s enhanced %d times → +%d (%s)"
"더 올릴 수 없습니다 · %s","더 올릴 수 없습니다 · %s","Cannot go higher · %s"
"강화 불가 · ","강화 불가 · ","Cannot enhance · "
"돌파 성공 · %s +%d의 벽을 넘었다 — 다음 강화가 열립니다","돌파 성공 · %s +%d의 벽을 넘었다 — 다음 강화가 열립니다","Breakthrough · %s cleared the +%d wall — enhancement opens again"
"중장비 · 쓰면 부서진다","중장비 · 쓰면 부서진다","Heavy · breaks when used"
"보급품","보급품","Supplies"
"선택된 설계도가 없습니다.","선택된 설계도가 없습니다.","No blueprint selected."
"필요 재료","필요 재료","Materials"
"쉘터 Tier %d에서 해금","쉘터 Tier %d에서 해금","Unlocks at Shelter Tier %d"
"%s  +%d 에서 +%d","%s  +%d 에서 +%d","%s  +%d to +%d"
"%s  +%d 에서 +%d · 효과 x%.2f","%s  +%d 에서 +%d · 효과 x%.2f","%s  +%d to +%d · effect x%.2f"
"돌파 단계 +%d · 완료한 돌파 +%d","돌파 단계 +%d · 완료한 돌파 +%d","Breakthrough tier +%d · cleared +%d"
"제작됨 · 영구 보유 — 잃지 않으며 다시 만들 수 없습니다","제작됨 · 영구 보유 — 잃지 않으며 다시 만들 수 없습니다","Built · yours forever — never lost, never rebuilt"
"부서진 것 %d개를 긁어모아 쓸만한 하나를 조립합니다 · %s에서 나옵니다","부서진 것 %d개를 긁어모아 쓸만한 하나를 조립합니다 · %s에서 나옵니다","Scrape together %d broken ones to assemble a working one · drops from %s"
"잠긴 이유: %s","잠긴 이유: %s","Locked because: %s"
"%s
쓰면 부서지는 소모품 — 부품으로 다시 만든다. 필드에서 T로 선택해 사용.","%s
쓰면 부서지는 소모품 — 부품으로 다시 만든다. 필드에서 T로 선택해 사용.","%s
Consumable — it breaks when used, and you rebuild it from parts. Select with T in the field."
"장착 중인 방어구를 +99까지 영구 강화합니다. 피해 감소(신발은 이동·스태미나)가 수렴 곡선으로 오릅니다. +10·+20·…에서는 돌파가 필요합니다.","장착 중인 방어구를 +99까지 영구 강화합니다. 피해 감소(신발은 이동·스태미나)가 수렴 곡선으로 오릅니다. +10·+20·…에서는 돌파가 필요합니다.","Permanently enhances your equipped armor up to +99. Damage reduction (move and stamina for footwear) rises on a converging curve. A breakthrough is required at +10, +20 and so on."
"장착 파츠의 고유 보정치를 +99까지 영구 강화합니다.","장착 파츠의 고유 보정치를 +99까지 영구 강화합니다.","Permanently enhances the equipped part's own bonus up to +99."
"%s 돌파 (+%d)","%s 돌파 (+%d)","%s breakthrough (+%d)"
"고철을 크게 태워(그 단계 강화비 ×3) +10·+20·…·+90의 벽을 넘습니다. 돌파 전엔 그 단계에서 강화가 멈춥니다.","고철을 크게 태워(그 단계 강화비 ×3) +10·+20·…·+90의 벽을 넘습니다. 돌파 전엔 그 단계에서 강화가 멈춥니다.","Burn a pile of scrap (3x that tier's enhancement cost) to clear the +10, +20 ... +90 walls. Until you do, enhancement stops at that tier."
"제작 불가","제작 불가","Cannot craft"
"제작 불가 · %s","제작 불가 · %s","Cannot craft · %s"
"정비 시작 — 다음 출정 복귀까지 수리됩니다","정비 시작 — 다음 출정 복귀까지 수리됩니다","Servicing started — repairs run until you return from the next sortie"
"작업대 확장 완료 · Lv.%d","작업대 확장 완료 · Lv.%d","Workbench expanded · Lv.%d"
"돌파 완료 · +%d의 벽을 넘었다 — 다음 강화가 열립니다","돌파 완료 · +%d의 벽을 넘었다 — 다음 강화가 열립니다","Breakthrough done · cleared the +%d wall — enhancement opens again"
"돌파 불가 · %s","돌파 불가 · %s","Cannot break through · %s"
"강화 완료 · %s +%d","강화 완료 · %s +%d","Enhanced · %s +%d"
"파츠 강화 완료 · +%d","파츠 강화 완료 · +%d","Part enhanced · +%d"
"제작 완료 · %s","제작 완료 · %s","Built · %s"
"제작 완료 · %s · %s","제작 완료 · %s · %s","Built · %s · %s"
"%s %s 부족","%s %s 부족","Need %s more %s"
"작업대가 이미 최고 레벨(Lv.5)입니다.","작업대가 이미 최고 레벨(Lv.5)입니다.","The workbench is already at max level (Lv.5)."
"작업대 확장 불가 · %s","작업대 확장 불가 · %s","Cannot expand the workbench · %s"
"작업대를 지금 확장할 수 없습니다.","작업대를 지금 확장할 수 없습니다.","The workbench cannot be expanded right now."
"강화 불가 · 보유하지 않은 무기입니다.","강화 불가 · 보유하지 않은 무기입니다.","Cannot enhance · you do not own this weapon."
"강화 불가 · 이미 최고 강화 단계입니다.","강화 불가 · 이미 최고 강화 단계입니다.","Cannot enhance · already at the max tier."
"강화 불가 · +%d 돌파 필요([돌파] 버튼 · 고철 ×3)","강화 불가 · +%d 돌파 필요([돌파] 버튼 · 고철 ×3)","Cannot enhance · +%d breakthrough required ([Breakthrough] button · scrap x3)"
"강화 불가 · %s","강화 불가 · %s","Cannot enhance · %s"
"강화 불가 · %s (필드에서 구해 오는 부품)","강화 불가 · %s (필드에서 구해 오는 부품)","Cannot enhance · %s (a part you bring back from the field)"
"강화에 실패했습니다.","강화에 실패했습니다.","Enhancement failed."
"강화 불가 · 보유하지 않은 방어구입니다.","강화 불가 · 보유하지 않은 방어구입니다.","Cannot enhance · you do not own this armor."
"파츠 강화 불가 · 해당 부착물을 장착하지 않았습니다.","파츠 강화 불가 · 해당 부착물을 장착하지 않았습니다.","Cannot enhance part · that attachment is not equipped."
"파츠 강화 불가 · 이미 최고 강화 단계입니다.","파츠 강화 불가 · 이미 최고 강화 단계입니다.","Cannot enhance part · already at the max tier."
"파츠 강화 불가 · %s","파츠 강화 불가 · %s","Cannot enhance part · %s"
"파츠 강화에 실패했습니다.","파츠 강화에 실패했습니다.","Part enhancement failed."
"%s · %s에서 나옵니다","%s · %s에서 나옵니다","%s · drops from %s"
"%s 엘리트·보스·봉인 상자","%s 엘리트·보스·봉인 상자","%s elites, bosses and sealed crates"
"엘리트·보스·봉인 상자","엘리트·보스·봉인 상자","elites, bosses and sealed crates"
" · %s 메인 미션 %d단계"," · %s 메인 미션 %d단계"," · %s main mission stage %d"
"제작됨 · 영구 보유","제작됨 · 영구 보유","Built · yours forever"
"작업대 Lv.%d 필요","작업대 Lv.%d 필요","Workbench Lv.%d required"
"수리 진행 중","수리 진행 중","Repairing"
"수리 가능","수리 가능","Can repair"
"수리 불필요","수리 불필요","No repair needed"
"보유한 무기 없음","보유한 무기 없음","No weapon owned"
"최고 강화 단계","최고 강화 단계","Max enhancement"
"돌파 필요 · 강화 보드 [돌파]","돌파 필요 · 강화 보드 [돌파]","Breakthrough required · [Breakthrough] on the enhance board"
"돌파 단계 아님 · 현재 +%d (다음 돌파 +%d)","돌파 단계 아님 · 현재 +%d (다음 돌파 +%d)","Not a breakthrough tier · now +%d (next breakthrough +%d)"
"돌파 가능","돌파 가능","Can break through"
"해당 부착물 미장착","해당 부착물 미장착","That attachment is not equipped"
"재료 부족","재료 부족","Not enough materials"
"재료 부족 · %s","재료 부족 · %s","Not enough materials · %s"
"최고 레벨","최고 레벨","Max level"
"확장 가능","확장 가능","Can expand"
"제작 가능","제작 가능","Can craft"
"통조림 x%d","통조림 x%d","Canned Food x%d"
"내구도 +%d%%","내구도 +%d%%","Durability +%d%%"
"수리 진행 중 · 시간당 %.0f%%","수리 진행 중 · 시간당 %.0f%%","Repairing · %.0f%% per hour"
"시간당 내구도 %.0f%% 회복","시간당 내구도 %.0f%% 회복","Restores %.0f%% durability per hour"
"작업대 Lv.%d","작업대 Lv.%d","Workbench Lv.%d"
"+%d 돌파 → 다음 강화 해금","+%d 돌파 → 다음 강화 해금","+%d breakthrough → unlocks the next enhancement"
"자동 수리 맡기기","자동 수리 맡기기","Leave for auto-repair"
"시설 업그레이드","시설 업그레이드","Upgrade facility"
"가방 %s + 창고 %s","가방 %s + 창고 %s","Bag %s + Storage %s"
"피해감소 %d%%","피해감소 %d%%","Damage reduction %d%%"
"이동 +%d%%","이동 +%d%%","Move +%d%%"
"스태미나 소모 -%d%%","스태미나 소모 -%d%%","Stamina cost -%d%%"
"피탐지 +%d%%","피탐지 +%d%%","Visibility +%d%%"
"첫 제작 시 하위 무기 강화 60% 이관","첫 제작 시 하위 무기 강화 60% 이관","First build carries over 60% of the lower weapon's enhancement"
"첫 제작 시 %s +%d → %s +%d (강화 60%% 이관)","첫 제작 시 %s +%d → %s +%d (강화 60%% 이관)","First build: %s +%d → %s +%d (60%% of enhancement carried over)"
"피해 %d · 탄창 %d · 연사 %.1f/s","피해 %d · 탄창 %d · 연사 %.1f/s","Damage %d · Mag %d · Fire rate %.1f/s"
"현재 보유 x%d","현재 보유 x%d","Held x%d"
" · 3발 쏘면 소멸"," · 3발 쏘면 소멸"," · gone after 3 shots"
"캣닢","캣닢","Catnip"
"고무 패킹","고무 패킹","Rubber Gasket"
"정밀 기어","정밀 기어","Precision Gear"
"군용 합금","군용 합금","Military Alloy"
"장인의 인장","장인의 인장","Artisan's Seal"
"7.62mm 보통탄","7.62mm 보통탄","7.62mm Ball"
"9mm 보통탄","9mm 보통탄","9mm Ball"
"M1911 솜방망이","M1911 솜방망이","M1911 Cottonpaw"
"MP5 하악이","MP5 하악이","MP5 Hisser"
"AK-47 캣라시니코프","AK-47 캣라시니코프","AK-47 Catlashnikov"
"더블배럴 참치 헌터","더블배럴 참치 헌터","Double Barrel Tuna Hunter"
"AKM 개조형","AKM 개조형","AKM Conversion"
"펌프 산탄총 하울러","펌프 산탄총 하울러","Pump Shotgun Howler"
"K2 전투소총","K2 전투소총","K2 Battle Rifle"
"창고 · 전리품 보관/판매","창고 · 전리품 보관/판매","Storage · stow and sell loot"
"창고를 열었습니다.","창고를 열었습니다.","Opened the storage."
"쉘터 창고","쉘터 창고","Shelter Storage"
"Lv.%d · 가방과 창고 사이에서 장비를 옮깁니다.","Lv.%d · 가방과 창고 사이에서 장비를 옮깁니다.","Lv.%d · move gear between your bag and storage."
"창고","창고","Storage"
"귀중품 전부 팔기 · 고철 +%s","귀중품 전부 팔기 · 고철 +%s","Sell all valuables · Scrap +%s"
"사용 슬롯","사용 슬롯","Slots used"
"%d개","%d개","%d"
"보관 가능한 소지품이 없습니다.","보관 가능한 소지품이 없습니다.","Nothing in the bag can be stowed."
"%d / %d 슬롯","%d / %d 슬롯","%d / %d slots"
"%s
보유 %d · 보관","%s
보유 %d · 보관","%s
Held %d · Stow"
"%s x%d
꺼내기","%s x%d
꺼내기","%s x%d
Take out"
"확장","확장","Expand"
"최대 등급","최대 등급","Max tier"
"확장 비용","확장 비용","Expansion cost"
"Lv.%d 확장","Lv.%d 확장","Expand to Lv.%d"
"%s %d개를 보관했습니다.","%s %d개를 보관했습니다.","%s x%d stowed."
"보관하지 못했습니다.","보관하지 못했습니다.","Could not stow it."
"%s %d개를 꺼냈습니다.","%s %d개를 꺼냈습니다.","%s x%d taken out."
"꺼내지 못했습니다.","꺼내지 못했습니다.","Could not take it out."
"창고가 Lv.%d로 확장되었습니다.","창고가 Lv.%d로 확장되었습니다.","Storage expanded to Lv.%d."
"창고 확장 재료가 부족합니다.","창고 확장 재료가 부족합니다.","Not enough materials to expand the storage."
"한 번 더 누르면 귀중품 전부를 고철 %s에 판다","한 번 더 누르면 귀중품 전부를 고철 %s에 판다","Press again to sell every valuable for %s scrap"
"귀중품 %d점 판매 · 고철 +%s","귀중품 %d점 판매 · 고철 +%s","Sold %d valuables · Scrap +%s"
"훈련장 · 통조림으로 능력치 강화","훈련장 · 통조림으로 능력치 강화","Training · spend canned food on stats"
"통조림을 소비해 플레이어 능력을 영구 강화합니다.","통조림을 소비해 플레이어 능력을 영구 강화합니다.","Spends canned food to permanently raise your stats."
"영구 강화","영구 강화","Permanent Training"
"출정에서 모아 온 통조림을 소비해 능력을 영구히 올립니다.","출정에서 모아 온 통조림을 소비해 능력을 영구히 올립니다.","Spend the canned food you brought back to raise your stats for good."
"훈련장","훈련장","Training"
"최대 체력","최대 체력","Max health"
"스태미나","스태미나","Stamina"
"이동 배율","이동 배율","Move mult."
"반동 제어","반동 제어","Recoil ctrl."
"카드를 눌러 즉시 훈련","카드를 눌러 즉시 훈련","Tap a card to train right away"
"훈련 과목","훈련 과목","Courses"
"선행 필요 · %s","선행 필요 · %s","Requires · %s"
"%s · 훈련 비용 통조림 %s개 (보유 %s)","%s · 훈련 비용 통조림 %s개 (보유 %s)","%s · costs %s canned food (held %s)"
" · 현재 장탄 %d → %d"," · 현재 장탄 %d → %d"," · mag now %d → %d"
" · 현재 장전 %.2fs → %.2fs"," · 현재 장전 %.2fs → %.2fs"," · reload now %.2fs → %.2fs"
" · 현재 줍는 탄약 x%.2f"," · 현재 줍는 탄약 x%.2f"," · ammo pickup now x%.2f"
" · 현재 %d탄창(%d발)"," · 현재 %d탄창(%d발)"," · now %d mags (%d rounds)"
"%s %d단계","%s %d단계","%s rank %d"
"기초 훈련","기초 훈련","Basic training"
"%s %d단계 훈련 완료 · 통조림 -%s","%s %d단계 훈련 완료 · 통조림 -%s","%s trained to rank %d · Canned Food -%s"
"통조림이 %s개 부족합니다. (필요 %s개)","통조림이 %s개 부족합니다. (필요 %s개)","Need %s more canned food. (%s required)"
"선행 훈련이 필요합니다 · %s","선행 훈련이 필요합니다 · %s","A prior course is required · %s"
"%s 훈련은 이미 최대 단계입니다.","%s 훈련은 이미 최대 단계입니다.","%s is already at the max rank."
"훈련 정보를 찾을 수 없습니다.","훈련 정보를 찾을 수 없습니다.","Training data not found."
"꾹꾹이 생산기 · 주민 배치로 고철 생산","꾹꾹이 생산기 · 주민 배치로 고철 생산","Kneading rig · seat residents to make scrap"
"주민의 특성에 따라 고철을 자동 생산합니다.","주민의 특성에 따라 고철을 자동 생산합니다.","Produces scrap automatically, scaled by resident traits."
"꾹꾹이 고철 생산기","꾹꾹이 고철 생산기","Kneading Scrap Rig"
"주민을 배치하면 고철이 자동 생산됩니다.","주민을 배치하면 고철이 자동 생산됩니다.","Seat residents and scrap comes in on its own."
"시간당","시간당","Per hour"
"작업자","작업자","Workers"
"%d / %d명","%d / %d명","%d / %d"
"오버클럭","오버클럭","Overclock"
"작업 좌석","작업 좌석","Work Seats"
"그 외 %d석","그 외 %d석","%d more seats"
"앉은 고양이 %s","앉은 고양이 %s","%s seated"
"눌러서 좌석에 앉히기","눌러서 좌석에 앉히기","Tap to seat them"
"눌러서 앉히기 · 우클릭 특성 재굴림","눌러서 앉히기 · 우클릭 특성 재굴림","Tap to seat · right-click to reroll traits"
"대기 주민","대기 주민","Idle Residents"
"구출한 주민이 없습니다.","구출한 주민이 없습니다.","No residents rescued yet."
"도시에서 구출해 오거나, 시간이 지나면 소문을 듣고 찾아옵니다.","도시에서 구출해 오거나, 시간이 지나면 소문을 듣고 찾아옵니다.","Rescue them in the city, or wait — word spreads and they come."
"그 외 %s명","그 외 %s명","%s more"
"전원 배치로 한 번에","전원 배치로 한 번에","Seat all at once"
"좌석 +1 확장
고철 %s · 생산 ×1.9","좌석 +1 확장
고철 %s · 생산 ×1.9","Seat +1
Scrap %s · output x1.9"
"확장 Lv.%d → Lv.%d","확장 Lv.%d → Lv.%d","Expand Lv.%d → Lv.%d"
"오버클럭 Lv.%d
고철 %s · 시간당 +8%%","오버클럭 Lv.%d
고철 %s · 시간당 +8%%","Overclock Lv.%d
Scrap %s · +8%% per hour"
"오버클럭 Lv.%d → Lv.%d","오버클럭 Lv.%d → Lv.%d","Overclock Lv.%d → Lv.%d"
"생산기","생산기","Rig"
"빈 좌석","빈 좌석","Empty seat"
"이름 없는 주민","이름 없는 주민","Unnamed resident"
"%s
꾹꾹이 x%.2f","%s
꾹꾹이 x%.2f","%s
Kneading x%.2f"
"%s
캣닢 작업 중","%s
캣닢 작업 중","%s
Working catnip"
"%s · %s
꾹꾹이 x%.2f · 캣닢 x%.2f%s
%s
우클릭: 특성 재굴림 · 츄르 %s","%s · %s
꾹꾹이 x%.2f · 캣닢 x%.2f%s
%s
우클릭: 특성 재굴림 · 츄르 %s","%s · %s
Kneading x%.2f · Catnip x%.2f%s
%s
Right-click: reroll traits · Churu %s"
"좌클릭: 좌석에서 일으키기","좌클릭: 좌석에서 일으키기","Left-click: get them up"
"좌클릭: 좌석에 앉히기","좌클릭: 좌석에 앉히기","Left-click: sit them down"
"전원 배치","전원 배치","Seat all"
"전원 해제","전원 해제","Clear all"
"좌석에 앉힐 대기 주민이 없습니다.","좌석에 앉힐 대기 주민이 없습니다.","No idle residents to seat."
"주민 %s명을 좌석에 앉혔습니다.","주민 %s명을 좌석에 앉혔습니다.","Seated %s residents."
"좌석에 앉아 있는 주민이 없습니다.","좌석에 앉아 있는 주민이 없습니다.","No residents are seated."
"주민 %s명을 좌석에서 일으켰습니다.","주민 %s명을 좌석에서 일으켰습니다.","Got %s residents up."
"특성 재굴림 완료 · %s","특성 재굴림 완료 · %s","Traits rerolled · %s"
"새 특성","새 특성","new trait"
"츄르가 %d개 부족합니다.","츄르가 %d개 부족합니다.","Need %d more churu."
"바꿀 수 있는 다른 특성이 없습니다.","바꿀 수 있는 다른 특성이 없습니다.","No other trait to roll into."
"이 주민은 재굴림할 수 없습니다.","이 주민은 재굴림할 수 없습니다.","This resident cannot be rerolled."
"이미 최고 레벨입니다.","이미 최고 레벨입니다.","Already at max level."
"고철이 %s 부족합니다.","고철이 %s 부족합니다.","Need %s more scrap."
"확장 조건을 만족하지 못했습니다.","확장 조건을 만족하지 못했습니다.","Expansion requirements are not met."
"Lv.%d 확장 완료 · 작업 좌석 +1","Lv.%d 확장 완료 · 작업 좌석 +1","Expanded to Lv.%d · Seats +1"
"오버클럭 조건을 만족하지 못했습니다.","오버클럭 조건을 만족하지 못했습니다.","Overclock requirements are not met."
"오버클럭 Lv.%d · 시간당 +8%%","오버클럭 Lv.%d · 시간당 +8%%","Overclock Lv.%d · +8%% per hour"
"스크래핑 생산기 · 주민 배치로 캣닢 생산","스크래핑 생산기 · 주민 배치로 캣닢 생산","Scratching rig · seat residents to make catnip"
"주민을 배치해 캣닢을 자동 생산합니다.","주민을 배치해 캣닢을 자동 생산합니다.","Seat residents and catnip comes in on its own."
"스크래핑 캣닢 생산기","스크래핑 캣닢 생산기","Scratching Catnip Rig"
"캣닢 특화 주민이 피버 자원을 생산합니다.","캣닢 특화 주민이 피버 자원을 생산합니다.","Catnip-minded residents produce the fever resource."
"초당 생산","초당 생산","Per second"
"캣닢 생산에 배치할 주민이 없습니다. 도시에서 구출해 오거나, 시간이 지나면 소문을 듣고 찾아옵니다.","캣닢 생산에 배치할 주민이 없습니다. 도시에서 구출해 오거나, 시간이 지나면 소문을 듣고 찾아옵니다.","No residents to put on catnip. Rescue them in the city, or wait — word spreads and they come."
"좌석 +1 확장
고철 %s · Lv.%d","좌석 +1 확장
고철 %s · Lv.%d","Seat +1
Scrap %s · Lv.%d"
"좌석 확장 · 고철 %s (보유 %s)","좌석 확장 · 고철 %s (보유 %s)","Seat expansion · Scrap %s (held %s)"
"농축 Lv.%d
캣닢 %s · 생산 +8%%","농축 Lv.%d
캣닢 %s · 생산 +8%%","Infusion Lv.%d
Catnip %s · output +8%%"
"농축 · 캣닢 %s (보유 %s)","농축 · 캣닢 %s (보유 %s)","Infusion · Catnip %s (held %s)"
"캣닢은 운영 독의 캣닢 피버에 씁니다 — 쉘터 전체 생산 가속","캣닢은 운영 독의 캣닢 피버에 씁니다 — 쉘터 전체 생산 가속","Catnip goes into Catnip Fever on the ops dock — it speeds up every rig"
"%s
캣닢 x%.2f","%s
캣닢 x%.2f","%s
Catnip x%.2f"
"%s
꾹꾹이 작업 중","%s
꾹꾹이 작업 중","%s
Working the kneader"
"%s · %s
꾹꾹이 x%.2f · 캣닢 x%.2f%s
%s","%s · %s
꾹꾹이 x%.2f · 캣닢 x%.2f%s
%s","%s · %s
Kneading x%.2f · Catnip x%.2f%s
%s"
"캣닢이 %s 부족합니다.","캣닢이 %s 부족합니다.","Need %s more catnip."
"농축 조건을 만족하지 못했습니다.","농축 조건을 만족하지 못했습니다.","Infusion requirements are not met."
"농축 Lv.%d · 캣닢 생산 +8%%","농축 Lv.%d · 캣닢 생산 +8%%","Infusion Lv.%d · Catnip output +8%%"
"누더기 방탄 조끼","누더기 방탄 조끼","Ragged Vest"
"철판을 덧대 꿰맨 생존자 계열 경량 조끼. 첫 방어구로 충분합니다.","철판을 덧대 꿰맨 생존자 계열 경량 조끼. 첫 방어구로 충분합니다.","A light scav vest stitched over sheet metal. Enough for your first armor."
"기워 붙인 운동화","기워 붙인 운동화","Patched Sneakers"
"밑창을 갈아 끼운 생존자 계열 신발. 발소리와 냄새를 줄입니다.","밑창을 갈아 끼운 생존자 계열 신발. 발소리와 냄새를 줄입니다.","Scav footwear with a replaced sole. Quieter steps, weaker scent."
"기워 붙인 헬멧","기워 붙인 헬멧","Patched Helmet"
"금 간 안전모를 철판으로 보강한 머리 보호구. 생존자 세트의 마지막 조각.","금 간 안전모를 철판으로 보강한 머리 보호구. 생존자 세트의 마지막 조각.","A cracked hard hat reinforced with sheet metal. The last piece of the scav set."
"진압대 방탄 조끼","진압대 방탄 조끼","Riot Vest"
"진압 계열 중량 조끼. 튼튼한 대신 실루엣이 커집니다. 첫 제작 시 누더기 조끼 강화의 60%를 이어받습니다.","진압 계열 중량 조끼. 튼튼한 대신 실루엣이 커집니다. 첫 제작 시 누더기 조끼 강화의 60%를 이어받습니다.","A heavy riot vest. Tough, but it makes you a bigger shape. The first build carries over 60% of your Ragged Vest enhancement."
"경량 전술화","경량 전술화","Light Tactical Boots"
"발목을 잡아주면서도 유연한 밑창의 진압 계열 전술화. 첫 제작 시 운동화 강화의 60%를 이어받습니다.","발목을 잡아주면서도 유연한 밑창의 진압 계열 전술화. 첫 제작 시 운동화 강화의 60%를 이어받습니다.","Riot-issue boots with ankle support and a flexible sole. The first build carries over 60% of your Sneakers enhancement."
"전술 방탄 헬멧","전술 방탄 헬멧","Tactical Helmet"
"진압 계열 헬멧. 내피를 새로 짜 넣어야 해 작업대 숙련과 정밀 기어가 필요합니다.","진압 계열 헬멧. 내피를 새로 짜 넣어야 해 작업대 숙련과 정밀 기어가 필요합니다.","A riot helmet. The liner has to be rewoven, so it needs workbench skill and precision gear."
"군납 방탄복","군납 방탄복","Issued Body Armor"
"봉쇄선 규격을 흉내 낸 최상급 방탄복. 군용 합금이 들어가야 판이 버팁니다.","봉쇄선 규격을 흉내 낸 최상급 방탄복. 군용 합금이 들어가야 판이 버팁니다.","Top-grade armor copying cordon spec. It only holds up with military alloy in the plates."
"군납 전투 헬멧","군납 전투 헬멧","Issued Combat Helmet"
"레일과 내피가 온전한 전투 헬멧. 군납 세트의 머리.","레일과 내피가 온전한 전투 헬멧. 군납 세트의 머리.","A combat helmet with rails and liner intact. The head of the issued set."
"강습 부츠","강습 부츠","Assault Boots"
"봉쇄선 강습조가 신던 부츠. 기동성이 탁월하지만 무거워 냄새 흔적이 짙습니다.","봉쇄선 강습조가 신던 부츠. 기동성이 탁월하지만 무거워 냄새 흔적이 짙습니다.","Boots off a cordon assault team. Superb mobility, but heavy — they leave a strong scent."
"스코프 렌즈를 조립한 완성 조준경입니다.","스코프 렌즈를 조립한 완성 조준경입니다.","A finished optic built from a scope lens."
"고무 패킹으로 고정한 임시 소음기입니다.","고무 패킹으로 고정한 임시 소음기입니다.","A field suppressor held together with a rubber gasket."
"반동 회복을 돕는 완성 개머리판 패드입니다.","반동 회복을 돕는 완성 개머리판 패드입니다.","A finished stock pad that helps recoil recovery."
"탄창 스프링을 사용한 빠른 교체용 탄창입니다.","탄창 스프링을 사용한 빠른 교체용 탄창입니다.","A fast-swap magazine built on a magazine spring."
"적의 주의를 유도하는 전술 보조공구입니다.","적의 주의를 유도하는 전술 보조공구입니다.","A tactical aid that pulls enemy attention."
"AK 정밀 단발 리시버","AK 정밀 단발 리시버","AK Precision Receiver"
"AK의 발사 특성을 바꾸는 특수 전술 모듈입니다.","AK의 발사 특성을 바꾸는 특수 전술 모듈입니다.","A special tactical module that changes how the AK fires."
"초반 거지런과 최후의 보루용 권총.","초반 거지런과 최후의 보루용 권총.","A pistol for early scrap runs and last stands."
"기동전과 좀비 소탕에 강한 기관단총.","기동전과 좀비 소탕에 강한 기관단총.","An SMG that shines in running fights and zombie sweeps."
"시작 소총. 잃을 일은 없지만, 혹시 맨손이라면 여기서 다시 만든다.","시작 소총. 잃을 일은 없지만, 혹시 맨손이라면 여기서 다시 만든다.","Your starting rifle. You never lose it, but if you are empty-handed, rebuild it here."
"장전 중 무방비가 되지만 초근접 저지력이 강한 산탄총.","장전 중 무방비가 되지만 초근접 저지력이 강한 산탄총.","A shotgun that leaves you wide open while reloading, but stops anything up close."
"6발 튜브 탄창 산탄총. 두 발 쏘고 숨을 일이 없다. 첫 제작 시 참치 헌터 강화의 60%를 이어받습니다.","6발 튜브 탄창 산탄총. 두 발 쏘고 숨을 일이 없다. 첫 제작 시 참치 헌터 강화의 60%를 이어받습니다.","A 6-round tube-fed shotgun. No more firing twice and hiding. The first build carries over 60% of your Tuna Hunter enhancement."
"AK를 손본 개조 소총. 40발 탄창, 더 묵직하고 덜 튄다. 첫 제작 시 AK-47 강화의 60%를 이어받습니다.","AK를 손본 개조 소총. 40발 탄창, 더 묵직하고 덜 튄다. 첫 제작 시 AK-47 강화의 60%를 이어받습니다.","A worked-over AK. 40-round mag, heavier, less climb. The first build carries over 60% of your AK-47 enhancement."
"용산 봉쇄선의 군용 전투소총. 관통 2, 안정된 반동. 첫 제작 시 AKM(또는 AK) 강화의 60%를 이어받습니다.","용산 봉쇄선의 군용 전투소총. 관통 2, 안정된 반동. 첫 제작 시 AKM(또는 AK) 강화의 60%를 이어받습니다.","A military battle rifle from the Yongsan cordon. Penetration 2, steady recoil. The first build carries over 60% of your AKM (or AK) enhancement."
"대인 지뢰 x3","대인 지뢰 x3","Anti-personnel Mines x3"
"재생 감시포탑","재생 감시포탑","Salvaged Sentry Turret"
"로켓 발사기 (3발)","로켓 발사기 (3발)","Rocket Launcher (3 shots)"
"호위 드론","호위 드론","Escort Drone"
"보급 카트","보급 카트","Supply Cart"
"타격 드론","타격 드론","Strike Drone"
"임시 총기 수리","임시 총기 수리","Field Weapon Repair"
"장착 총기의 내구도를 즉시 조금 회복합니다.","장착 총기의 내구도를 즉시 조금 회복합니다.","Immediately restores a little durability on your equipped weapon."
"장착 총기를 작업대에 맡겨 쉘터에 없는 동안에도 내구도를 자동 회복합니다.","장착 총기를 작업대에 맡겨 쉘터에 없는 동안에도 내구도를 자동 회복합니다.","Leave your weapon at the workbench and it keeps recovering durability while you are away."
"작업대 시설 확장","작업대 시설 확장","Workbench Expansion"
"작업대 레벨을 높여 상위 총기와 특수 전술 모듈 제작을 해금합니다.","작업대 레벨을 높여 상위 총기와 특수 전술 모듈 제작을 해금합니다.","Raises the workbench level, unlocking higher-tier weapons and special tactical modules."
"장인 뽑기","장인 뽑기","Artisan Draw"
"장착 무기 영구 강화","장착 무기 영구 강화","Permanent weapon enhancement"
"장착 중인 무기에 고철을 투자해 +99까지 피해와 안정성을 영구 강화합니다. +10·+20·…에서는 돌파가 필요합니다.","장착 중인 무기에 고철을 투자해 +99까지 피해와 안정성을 영구 강화합니다. +10·+20·…에서는 돌파가 필요합니다.","Sink scrap into your equipped weapon to permanently raise damage and stability up to +99. A breakthrough is required at +10, +20 and so on."
"강화","강화","Enhance"
"무기","무기","Weapons"
"방어구","방어구","Armor"
"중장비","중장비","Heavy"
"더블 배럴 산탄총","더블 배럴 산탄총","Double Barrel Shotgun"
"펌프 산탄총","펌프 산탄총","Pump Shotgun"
"9mm 철갑탄","9mm 철갑탄","9mm AP"
".45 ACP 보통탄",".45 ACP 보통탄",".45 ACP Ball"
".45 ACP 철갑탄",".45 ACP 철갑탄",".45 ACP AP"
"7.62mm 철갑탄","7.62mm 철갑탄","7.62mm AP"
"12게이지 슬러그","12게이지 슬러그","12 Gauge Slug"
"AK 정밀 리시버","AK 정밀 리시버","AK Precision Receiver"
"봉쇄구역 키카드","봉쇄구역 키카드","Sealed Zone Keycard"
"자원","자원","Resources"
"생산","생산","Scrap"
"스크래핑","스크래핑","Scratching"
"훈련","훈련","Training"
"잠김 · 스크래핑 생산기를 해금해야 합니다.","잠김 · 스크래핑 생산기를 해금해야 합니다.","Locked · unlock the scratching rig first."
"사자의 계약","사자의 계약","the lion's deal"
"재","재","Ash"
"그을음","그을음","Soot"
"안개","안개","Fog"
"UI 크기","UI 크기","UI scale"
"메뉴와 HUD 전체 크기","메뉴와 HUD 전체 크기","Overall size of menus and HUD"
"전투 알림 크기","전투 알림 크기","Combat text size"
"피해량과 전투 경고 글자","피해량과 전투 경고 글자","Damage numbers and combat warnings"
"화면 흔들림","화면 흔들림","Screen shake"
"피격·암살·보스 연출","피격·암살·보스 연출","Hits, takedowns and boss beats"
"피격 번쩍임","피격 번쩍임","Hit flash"
"캐릭터와 화면의 순간 섬광","캐릭터와 화면의 순간 섬광","Momentary flash on the character and screen"
"화면 가장자리 효과","화면 가장자리 효과","Screen edge effect"
"피격 시 붉은 비네팅 강도","피격 시 붉은 비네팅 강도","Strength of the red vignette when hit"
"피격 화면 효과","피격 화면 효과","Hit feedback"
"붉은 화면·방향 표시·피격 흔들림 (0%면 끔)","붉은 화면·방향 표시·피격 흔들림 (0%면 끔)","Red screen, direction arc and hit shake (0% turns it off)"
"최소 밝기","최소 밝기","Minimum brightness"
"밤과 실내의 가장 어두운 정도","밤과 실내의 가장 어두운 정도","How dark night and interiors get"
"조준 보정","조준 보정","Aim assist"
"모바일과 패드의 원뿔 조준 보정","모바일과 패드의 원뿔 조준 보정","Cone aim assist on mobile and gamepad"
"전체 음량","전체 음량","Master volume"
"모든 소리의 기준 음량","모든 소리의 기준 음량","Baseline level for every sound"
"효과음","효과음","Sound effects"
"총성·피격·장전·경보","총성·피격·장전·경보","Gunfire, hits, reloads, alarms"
"UI 소리","UI 소리","UI sound"
"버튼 탭·알림·타자기","버튼 탭·알림·타자기","Button taps, alerts, typewriter"
"피해량 숫자 표시","피해량 숫자 표시","Show damage numbers"
"탄약이 있으면 자동 재장전","탄약이 있으면 자동 재장전","Auto-reload when ammo is left"
"모바일 햅틱","모바일 햅틱","Mobile haptics"
"모바일 저전력 모드","모바일 저전력 모드","Mobile battery saver"
"UI 셰이더 효과 (블러·노이즈·입자)","UI 셰이더 효과 (블러·노이즈·입자)","UI shader effects (blur, noise, particles)"
"액티브 안내 (화살표로 가리키는 튜토리얼)","액티브 안내 (화살표로 가리키는 튜토리얼)","Active guidance (tutorial that points with an arrow)"
"안내 다시 보기","안내 다시 보기","Replay guidance"
"끝낸 안내를 전부 되돌려 처음부터 다시 가리킵니다.","끝낸 안내를 전부 되돌려 처음부터 다시 가리킵니다.","Rewinds every finished tip so guidance points again from the start."
"저장 데이터 초기화","저장 데이터 초기화","Erase save data"
"주민·창고·재화·장비와 모든 진행이 사라지고 오프닝부터 다시 시작합니다.","주민·창고·재화·장비와 모든 진행이 사라지고 오프닝부터 다시 시작합니다.","Residents, storage, currency, gear and all progress are gone; you start again from the opening."
"정말 초기화합니까? 모든 진행이 사라집니다.","정말 초기화합니까? 모든 진행이 사라집니다.","Really erase everything? All progress will be gone."
"쉘터 전체 해금 (테스트)","쉘터 전체 해금 (테스트)","Unlock whole shelter (test)"
"모든 시설을 즉시 건설하고 주민을 다섯 명까지 채웁니다.","모든 시설을 즉시 건설하고 주민을 다섯 명까지 채웁니다.","Builds every facility at once and fills you up to five residents."
"모든 시설을 즉시 해금합니까? 진행 순서가 건너뛰어집니다.","모든 시설을 즉시 해금합니까? 진행 순서가 건너뛰어집니다.","Unlock every facility now? This skips the progression order."
"해금","해금","Unlock"
"사자의 첫 계약","사자의 첫 계약","the lion's first deal"
"사자의 두 번째 계약","사자의 두 번째 계약","the lion's second deal"
"사자의 계약 진행","사자의 계약 진행","the lion's deal moves on"
"첫 출정에서 복귀","첫 출정에서 복귀","you return from your first sortie"
"급탄","급탄","Feed"
"장전 속도","장전 속도","Reload speed"
"안정","안정","Stability"
"반동·탄퍼짐","반동·탄퍼짐","Recoil and spread"
"정밀","정밀","Precision"
"사거리·치명타","사거리·치명타","Range and crit"
"관통 +1","관통 +1","Penetration +1"
"탄환이 적 하나를 더 꿰뚫는다.","탄환이 적 하나를 더 꿰뚫는다.","Rounds punch through one more enemy."
"탄창 +25% · 장전 −15%","탄창 +25% · 장전 −15%","Mag +25% · Reload -15%"
"장탄수가 늘고 장전이 빨라진다.","장탄수가 늘고 장전이 빨라진다.","Bigger magazine, faster reload."
"엘리트·보스 피해 +20%","엘리트·보스 피해 +20%","Elite and boss damage +20%"
"일반 적에게는 적용되지 않는다.","일반 적에게는 적용되지 않는다.","Does not apply to regular enemies."
"처치 시 탄약 10% 환급 · 내구 소모 0","처치 시 탄약 10% 환급 · 내구 소모 0","10% ammo refund on kill · no durability loss"
"적을 쓰러뜨릴 때마다 탄창의 10%가 예비탄으로 돌아오고, 사격으로 내구도가 닳지 않는다.","적을 쓰러뜨릴 때마다 탄창의 10%가 예비탄으로 돌아오고, 사격으로 내구도가 닳지 않는다.","Every kill returns 10% of the magazine to reserve, and firing no longer wears the weapon."
"넉백 저항 50% (몸 방어구)","넉백 저항 50% (몸 방어구)","Knockback resist 50% (body armor)"
"피격 밀림이 절반으로 준다.","피격 밀림이 절반으로 준다.","Being shoved by a hit is halved."
"피격 후 1.5초 추가 피해 −20%","피격 후 1.5초 추가 피해 −20%","Damage taken -20% for 1.5s after a hit"
"연타를 맞을 때 뒤이은 피해가 줄어든다.","연타를 맞을 때 뒤이은 피해가 줄어든다.","Follow-up hits in a combo land softer."
"이동 속도 +4%","이동 속도 +4%","Move speed +4%"
"무게가 몸에 익는다. 걸음이 빨라진다.","무게가 몸에 익는다. 걸음이 빨라진다.","The weight becomes yours. You walk faster."
"시큐어 슬롯 +1","시큐어 슬롯 +1","Secure slot +1"
"죽어도 지키는 칸이 하나 늘어난다.","죽어도 지키는 칸이 하나 늘어난다.","One more slot survives your death."
"저장 후 종료","저장 후 종료","Save and Quit"
"임무 완료","임무 완료","Mission Complete"
"돌발 사건","돌발 사건","Incident"
"권총","권총","Pistol"
"기관단총","기관단총","SMG"
"소총","소총","Rifle"
"산탄총","산탄총","Shotgun"
